Aff;a
Agnès;a
Ah;a
Ahn;a
Al;a
An;a
Anh;a
Ann;a
Badr;a
Be;a
Bebs;a
Bell;a
Bess;a
Bet;a
Beth;a
Bett;a
Bi;a
Bibs;a
Bich;a
Bint;a
Bit;a
Bitt;a
Bjørg;a
Björg;a
Bjørk;a
Björk;a
Bjørt;a
Björt;a
Blyp;a
Bo;a
Bri;a
Brit;a
Brith;a
Britt;a
Kaz;b
Nam;b
Finn;b
Mo;a
Thy;a
Cam;a
Cang;a
Cass;a
Cat;a
Cath;a
Catt;a
Cer;a
Cérès;a
Cha;a
Cham;a
Chang;a
Char;a
Chen;a
Cher;a
Chi;a
Chin;a
Ching;a
Cho;a
Chris;a
Christl;a
Chun;a
Cin;a
Civ;a
Clod;a
Dac;a
Dagný;a
Dan;a
Dawn;a
Dawt;a
Dell;a
Di;a
Dim;a
Dînârak;a
Dis;a
Dís;a
Djess;a
Dot;a
Doth;a
Dott;a
Drós;a
Dud;a
Dung;a
Dy;a
Dögg;a
Za;b
Ehm;a
Elîn;a
Em;a
En;a
Fajr;a
Fam;a
Fan;a
Fang;a
Fe;a
Feng;a
Fiv;a
Flo;a
Frah;a
Fri;a
Frid;a
Frigg;a
Fro;a
Fry;a
Fryd;a
Frøns;a
Fu;a
Gerd;a
Gift;a
Gill;a
Gin;a
Git;a
Gith;a
Gitt;a
Glenn;a
Gló;a
Glóð;a
Glød;a
Gná;a
Greth;a
Grit;a
Grith;a
Gritt;a
Gro;a
Gry;a
Guðný;a
Gul;a
Gull;a
Gun;a
Gunn;a
Gwen;a
Gy;a
Gül;a
Bror;b
Ha;a
Han;a
Hang;a
Hanh;a
Havã;a
He;a
Hený;a
Hild;a
Hind;a
Hlawn;a
Hlif;a
Hlin;a
Hlökk;a
Hnin;a
Hong;a
Hrund;a
Hrönn;a
Hrønn;a
Huld;a
Håb;a
Liv;a
Im;a
In;a
Inès;a
Inèz;a
Ja;a
Jazz;a
Jill;a
Jin;a
Jing;a
Jo;a
Ju;a
Juk;a
Jung;a
Ka;a
Ket;a
Keth;a
Kett;a
Khanh;a
Khin;a
Khu;a
Khum;a
Khun;a
Ki;a
Kif;a
Kim;a
Kimm;a
Kir;a
Kis;a
Kiss;a
Kit;a
Kith;a
Kitt;a
Kris;a
Kwam;a
Kyzz;a
La;a
Lam;a
Lan;a
Lang;a
Lar;a
Le;a
Lek;a
Li;a
Lif;a
Líf;a
Liff;a
Lih;a
Lihf;a
Lil;a
Lill;a
Lin;a
Lind;a
Ling;a
Linh;a
Linn;a
Lis;a
Lisl;a
Liss;a
Lisz;a
Lit;a
Lith;a
Lív;a
Liw;a
Liz;a
Lizl;a
Lizz;a
Lo;a
Lu;a
Luh;a
Lul;a
Lull;a
Lùna;a
Luth;a
Lux;a
Luz;a
Ly;a
Lyn;a
Lyng;a
Lynh;a
Lynn;a
Lys;a
Pi;a
Ma;a
Maj;a
Mam;a
Mar;a
Marý;a
Mast;a
Me;a
Meg;a
Met;a
Mhigs;a
Mi;a
Mif;a
Miglè;a
Mim;a
Min;a
Ming;a
Minh;a
Mir;a
Mist;a
Miv;a
Mix;a
Mjöll;a
Musn;a
My;a
Myr;a
N'dri;a
Na;a
Nahl;a
Najd;a
Nan;a
Nang;a
Nann;a
Nans;a
Narîn;a
Nat;a
Natt;a
Naz;a
Neh;a
Nehl;a
Nel;a
Nell;a
Nen;a
Nett;a
New;a
Nez;a
Nga;a
Ngan;a
Ngoc;a
Ngun;a
Ngwen;a
Nha;a
Nhan;a
Nhat;a
Nhi;a
Nhu;a
Ni;a
Nif;a
Nil;a
Nill;a
Ning;a
Nist;a
Noff;a
Nor;a
Nótt;a
Nox;a
Nuk;a
Nun;a
Nur;a
Ny;a
Nyks;a
Nyx;a
Nøk;a
Nøks;a
Oddný;a
Ok;a
Pam;a
Par;a
Paz;a
Pen;a
Peng;a
Phi;a
Piè;a
Pil;a
Pim;a
Piv;a
Pop;a
Puck;a
Puk;a
Qalb;a
Qi;a
Qing;a
Qu;a
Bernth;b
Ran;a
Rán;a
Rêve;a
Ri;a
Rim;a
Rin;a
Rind;a
Rit;a
Rith;a
Ritt;a
Ró;a
Rong;a
Rós;a
Roz;a
Ru;a
Run;a
Rún;a
Rut;a
Ruth;a
Rutth;a
Sa;a
Sam;a
San;a
Sen;a
Shah;a
Shahd;a
Sham;a
Shams;a
Shan;a
Shehr;a
Shil;a
Shin;a
Shu;a
Si;a
Sif;a
Siff;a
Sig;a
Sis;a
Siv;a
Siw;a
Sjöfn;a
Sky;a
Smilt?;a
Sne;a
Snow;a
Sol;a
Sól;a
Sonds;a
Song;a
Sorn;a
Soz;a
Spliff;a
Sri;a
Star;a
Stends;a
Stens;a
Storm;a
Su;a
Sun;a
Sung;a
Sunn;a
Sus;a
Syp;a
Sys;a
Søs;a
Falk;b
Ta;a
Taïs;a
Tak;a
Tam;a
Tan;a
Te;a
Tess;a
Tha;a
Thanh;a
Thi;a
Thit;a
Thon;a
Thu;a
Thuc;a
Tich;a
Tiff;a
Tin;a
Tit;a
Titt;a
Tjux;a
Tong;a
Tram;a
Tran;a
Trang;a
Tring;a
Trinh;a
Trix;a
Trong;a
Truc;a
Trud;a
Tse;a
Tu;a
Tuss;a
Tut;a
Tutt;a
Tyt;a
Tze;a
Ul;a
Um;a
Unn;a
Urd;a
Van;a
Vár;a
Vi;a
Vibs;a
Vif;a
Vips;a
Vón;a
Vy;a
Vår;a
Wah;a
Wan;a
Wed;a
Wen;a
Wing;a
Xatûn;a
Xi;a
Xin;a
Xing;a
Ynn;a
Zalt;a
Ze;a
Zhor;a
Zi;a
Zif;a
Ziff;a
Zin;a
Ziv;a
Ziw;a
Zoï;a
Zol;a
Zu;a
Zuz;a
Zøss;a
Abd;b
Ahd;b
Ahrn;b
Ajs;b
Aksh;b
Alf;b
All;b
Alp;b
Amr;b
Andrè;b
Ankh;b
Ans;b
Ansh;b
Ard;b
Arn;b
Arnd;b
Arndt;b
Arnt;b
Arnth;b
Arsh;b
Art;b
Arv;b
As;b
Ask;b
Asp;b
Awng;b
Aws;b
Axl;b
Rolf;b
Ba;b
Bahàr;b
Bakr;b
Bam;b
Bark;b
Bart;b
Bas;b
Baz;b
Beck;b
Ben;b
Bendt;b
Bengt;b
Benkt;b
Benn;b
Bent;b
Benth;b
Bentt;b
Berd;b
Berg;b
Berk;b
Bern;b
Bernd;b
Berndt;b
Bernt;b
Bert;b
Bez;b
Bill;b
Bin;b
Bing;b
Binh;b
Birk;b
Bix;b
Bjorg;b
Bjork;b
Bjorn;b
Björn;b
Bjørgn;b
Bjørn;b
Blaq;b
Blas;b
Blend;b
Bless;b
Blob;b
Blu;b
Blær;b
Bob;b
Boh;b
Boj;b
Bon;b
Bor;b
Bos;b
Bram;b
Brett;b
Brin;b
Brisk;b
Brusk;b
Brwa;b
Bum;b
Bun;b
Bård;b
Caj;b
Cal;b
Can;b
Carl;b
Cell;b
Cem;b
Cenk;b
Chad;b
Chan;b
Chand;b
Charl;b
Che;b
Cheng;b
Chet;b
Chinh;b
Chong;b
Chres;b
Chriss;b
Christ;b
Chriz;b
Chul;b
Chus;b
Cim;b
Cjørn;b
Clarck;b
Clark;b
Clas;b
Clavs;b
Cliff;b
Clint;b
Co;b
Colt;b
Cong;b
Cordt;b
Cort;b
Cris;b
Crow;b
Cru;b
Cung;b
Curd;b
Curt;b
Njord;b
Da;b
Dag;b
Dagh;b
Dagnýr;b
Dak;b
Dang;b
Danh;b
Dann;b
Daq;b
Dat;b
Dawng;b
Dax;b
De;b
Dek;b
Del;b
Deng;b
Derk;b
Dev;b
Dex;b
Dib;b
Dich;b
Dick;b
Din;b
Dinh;b
Dirch;b
Dirk;b
Ditz;b
Dix;b
Djeff;b
Djohnn;b
Djon;b
Dler;b
Doc;b
Don;b
Dong;b
Donn;b
Dor;b
Dost;b
Dre;b
Dren;b
Dreng;b
Dres;b
Dress;b
Drevs;b
Drin;b
Driss;b
Duc;b
Duh;b
Dun;b
Durk;b
Dzhem;b
Eg;b
El;b
Erk;b
Ern;b
Ernst;b
Nord;b
Fadl;b
Fhinn;b
Fin;b
Find;b
Fir;b
Fjonn;b
Flin;b
Flint;b
Flow;b
Flynn;b
Ford;b
Fox;b
Franc;b
Franch;b
Franck;b
Frands;b
Frank;b
Frans;b
Frants;b
Frantz;b
Franz;b
Fred;b
Frej;b
Frits;b
Fritz;b
Fron;b
Fru;b
Skjold;b
Gar;b
Gard;b
Gbeng;b
Gehrt;b
Gejr;b
Gen;b
Gent;b
Ger;b
Gerdt;b
Gert;b
Gerth;b
Gijs;b
Gil;b
Gils;b
Gints;b
Gjerdt;b
Gleb;b
Glen;b
Glyn;b
Go;b
Golf;b
Gorm;b
Gran;b
Grant;b
Greg;b
Grejs;b
Grunk;b
Gus;b
Gwan;b
Gwyn;b
Götz;b
Gøtz;b
Hach;b
Hack;b
Haj;b
Hak;b
Hal;b
Hans;b
Haq;b
Hawm;b
Hegn;b
Hemn;b
Henk;b
Hern;b
Hess;b
Hex;b
Hjarn;b
Hmun;b
Hmung;b
Ho;b
Hold;b
Holm;b
Horst;b
Hrafn;b
Hrin;b
Hrolf;b
Htaw;b
Htet;b
Hting;b
Hu;b
Hugh;b
Hum;b
Hung;b
Hwan;b
Hy;b
Ib;b
Ibn;b
Iz;b
Izz;b
Tim;b
Jab;b
Jac;b
Jach;b
Jachs;b
Jack;b
Jad;b
Jahn;b
Jall;b
Jam;b
Jan;b
Jang;b
Jann;b
Jarl;b
Jas;b
Jat;b
Jax;b
Jef;b
Jeff;b
Jem;b
Jen;b
Jenns;b
Jens;b
Jep;b
Jerg;b
Jerk;b
Jes;b
Jess;b
Jet;b
Jez;b
Jezz;b
Ji;b
Jim;b
Jimm;b
Jinh;b
Job;b
Jock;b
Joh;b
John;b
Johnn;b
Johs;b
Jok;b
Jon;b
Jonn;b
Jorn;b
Jorst;b
Jos;b
Josh;b
Jost;b
Jot;b
Jrenh;b
Juhl;b
Jul;b
Jun;b
Just;b
Jêhat;b
Jó;b
Jón;b
Jörg;b
Jørg;b
Jørk;b
Jørn;b
Kaj;b
Kal;b
Kang;b
Kar;b
Karl;b
Karrl;b
Kel;b
Keld;b
Kell;b
Kem;b
Ken;b
Kenn;b
Kent;b
Kenth;b
Kern;b
Kes;b
Kew;b
Kez;b
Kftil;b
Kha;b
Khac;b
Khan;b
Khang;b
Khodr;b
Kid;b
Kihn;b
Kil;b
Kin;b
King;b
Kinn;b
Kip;b
Kipp;b
Kirk;b
Kjeld;b
Kjell;b
Klas;b
Klavs;b
Klint;b
Knox;b
Knud;b
Knudt;b
Knut;b
Kord;b
Kort;b
Krar;b
Kren;b
Kres;b
Krish;b
Kriss;b
Krunch;b
Kræn;b
Krøj;b
Kuf;b
Kung;b
Kunz;b
Kurd;b
Kurt;b
Kurth;b
Kurtt;b
Ky;b
Lac;b
Lajs;b
Lars;b
Larz;b
Las;b
Lass;b
Lat;b
Lavrs;b
Lavst;b
Law;b
Laws;b
Laz;b
Leb;b
Lech;b
Leck;b
Lef;b
Lejf;b
Lejff;b
Lel;b
Len;b
Les;b
Lev;b
Lew;b
Lex;b
Lhord;b
Lib;b
Link;b
Loc;b
Lok;b
Long;b
Loïc;b
Luc;b
Lun;b
Lutz;b
Lïfe;b
Lüt;b
Shi;a
Mabst;b
Mac;b
Mack;b
Mads;b
Madss;b
Magd;b
Mahd;b
Majd;b
Mak;b
Maks;b
Mang;b
Manh;b
Marc;b
March;b
Marck;b
Mard;b
Mark;b
Marks;b
Marl;b
Mars;b
Marx;b
Mass;b
Math;b
Mats;b
Matt;b
Matts;b
Matz;b
Max;b
Maxx;b
Maz;b
Meck;b
Mecr;b
Mek;b
Mer;b
Mert;b
Mich;b
Mick;b
Mik;b
Mikk;b
Mish;b
Mitch;b
Mohd;b
Mons;b
Mu;b
Muss;b
Már;b
Måns;b
Najm;b
Nath;b
Neck;b
Nels;b
Nes;b
Nghi;b
Ngo;b
Nhor;b
Nic;b
Nich;b
Nick;b
Nik;b
Niks;b
Nils;b
Nip;b
Nis;b
Niss;b
Njal;b
Njall;b
Nnam;b
No;b
Nohr;b
Norh;b
Norr;b
Nuh;b
Nver;b
Nöêl;b
Od;b
Odd;b
Og;b
Oll;b
Olt;b
On;b
Ong;b
Or;b
Orm;b
Pa;b
Pak;b
Pal;b
Pall;b
Palm;b
Pan;b
Pav;b
Paw;b
Pehr;b
Pejk;b
Pel;b
Per;b
Petr;b
Pham;b
Phat;b
Phet;b
Phil;b
Phong;b
Phu;b
Phuc;b
Phung;b
Pip;b
Po;b
Pojk;b
Pol;b
Pos;b
Povl;b
Prem;b
Páll;b
Pål;b
Qvan;b
Ra;b
Rafn;b
Ragn;b
Raj;b
Ralf;b
Ralff;b
Ralfs;b
Ralph;b
Ram;b
Rand;b
Ranj;b
Ras;b
Rass;b
Ravn;b
Rawt;b
Raz;b
Razz;b
Ren;b
Renz;b
Renè;b
Rex;b
Rhys;b
Rhythm;b
Ric;b
Rich;b
Rick;b
Riff;b
Rik;b
Rizq;b
Ro;b
Rob;b
Roch;b
Rock;b
Rod;b
Rok;b
Rolff;b
Ron;b
Ronn;b
Ross;b
Rot;b
Rron;b
Rud;b
Rvin;b
Ry;b
Rêzan;b
Sach;b
Sahn;b
Samr;b
Sang;b
Sarp;b
Saw;b
Schack;b
Schott;b
Scott;b
Seb;b
Sef;b
Sejr;b
Selm;b
Sem;b
Seng;b
Seph;b
Sepp;b
Seth;b
Shad;b
Shawn;b
Shems;b
Sheng;b
Sheq;b
Shih;b
Shik;b
Shkar;b
Shlok;b
Shnos;b
Shwan;b
Sic;b
Sid;b
Sim;b
Singh;b
Sirr;b
Sjang;b
Sjørn;b
Skak;b
Skat;b
Skjalm;b
Slim;b
Smbat;b
Snær;b
Sok;b
Son;b
Sorm;b
Srdjan;b
Stan;b
Stecn;b
Stef;b
Steff;b
Sten;b
Steph;b
Sthen;b
Sti;b
Stig;b
Sut;b
Sven;b
Svend;b
Svenn;b
Syv;b
Sørn;b
Taj;b
Tajs;b
Tang;b
Tav;b
Tavs;b
Taz;b
Teck;b
Ted;b
Tej;b
Tejn;b
Tejs;b
Tejst;b
Tejt;b
Tem;b
Tex;b
Thajs;b
Thang;b
Thawng;b
Thejs;b
Them;b
Thijs;b
Thim;b
Thinh;b
Tho;b
Thom;b
Thor;b
Thord;b
Thorr;b
Thrym;b
Thyr;b
Thór;b
Till;b
Timm;b
Ting;b
Tinn;b
Tir;b
Tjørk;b
Tjørn;b
Todd;b
Tom;b
Tomm;b
Tor;b
Tord;b
Torm;b
Tot;b
Trent;b
Tri;b
Trin;b
Tripp;b
Trohn;b
Trols;b
Trond;b
Truls;b
Trung;b
Trym;b
Tsung;b
Tuck;b
Tuk;b
Tum;b
Tun;b
Tung;b
Turf;b
Twajs;b
Twan;b
Ty;b
Tyr;b
Tørk;b
Uck;b
Uk;b
Ulf;b
Ulff;b
Ull;b
Ullr;b
Ulv;b
Ur;b
Urs;b
Vagn;b
Val;b
Vam;b
Vang;b
Ves;b
Vic;b
Vik;b
Vin;b
Vinh;b
Vlad;b
Vo;b
Vu;b
Vuk;b
Vøgg;b
Wagn;b
Wang;b
Wel;b
Wil;b
Will;b
Wim;b
Win;b
Winn;b
Wit;b
Wolf;b
Wu;b
Wulff;b
Wynn;b
Xthin;b
Xu;b
Xul;b
Xun;b
Yll;b
Yndt;b
Zac;b
Zach;b
Zack;b
Zak;b
Zakk;b
Zann;b
Zap;b
Zapp;b
Zeb;b
Zed;b
Zejr;b
Zen;b
Zep;b
Zepp;b
Zet;b
Zeth;b
Zhe;b
Zhen;b
Zheng;b
Zhi;b
Zhong;b
Zhwan;b
Zsolt;b
Zvi;b
Zwak;b
